{"loss": 0.0026526760775595903, "_timestamp": 1708262527.5675151, "_runtime": 5677.3470890522, "_step": 21499, "_wandb": {"runtime": 5732}}