{"train_loss": 0.5906689763069153, "_timestamp": 1708299562.2051287, "_runtime": 17.21942663192749, "_step": 38, "_wandb": {"runtime": 56}}