{"X_EC": [[0.04385220004644908, -0.9990121343162742, 0.007193054978852805, 0.06416634939578235], [0.9990380226871413, 0.04385190898411329, -0.0001982519009914847, -0.01493484177912044], [-0.00011737313750861413, 0.007194829205174871, 0.9999741099929811, -0.17515059459910964], [0.0, 0.0, 0.0, 1.0]], "intrinsics": [[431.84521484375, 0.0, 320.1038818359375], [0.0, 431.564697265625, 239.17430114746094], [0.0, 0.0, 1.0]]}