{"X_EC": [[0.01780374186181292, -0.9997134990820058, 0.01599832894182071, -0.062224449310580604], [0.9996586611269241, 0.017492216526480225, -0.019405761899922276, -0.006486449629706564], [0.019120355897411383, 0.016338363265746638, 0.9996836849104586, -0.17749534543801476], [0.0, 0.0, 0.0, 1.0]], "intrinsics": [[425.80352783203125, 0.0, 317.5935974121094], [0.0, 422.64990234375, 244.27711486816406], [0.0, 0.0, 1.0]]}