{
    "back": {
        "intrinsics": [
            [
                425.80352783203125,
                0.0,
                317.5935974121094
            ],
            [
                0.0,
                422.64990234375,
                244.27711486816406
            ],
            [
                0.0,
                0.0,
                1.0
            ]
        ],
        "distortion": [
            -0.05386984348297119,
            0.054583270102739334,
            -0.0001722546439850703,
            0.0007478073821403086,
            -0.017529301345348358
        ]
    },
    "front": {
        "intrinsics": [
            [
                431.84521484375,
                0.0,
                320.1038818359375
            ],
            [
                0.0,
                431.564697265625,
                239.17430114746094
            ],
            [
                0.0,
                0.0,
                1.0
            ]
        ],
        "distortion": [
            -0.054081544280052185,
            0.05602612346410751,
            0.0005850368179380894,
            0.0005522056017071009,
            -0.017994079738855362
        ]
    }
}