{
    "back": {
        "intrinsics": [
            [
                0.0,
                0.0,
                0.0
            ],
            [
                0.0,
                0.0,
                0.0
            ],
            [
                0.0,
                0.0,
                1.0
            ]
        ],
        "distortion": [
            0.0,
            0.0,
            0.0,
            0.0,
            0.0
        ]
    },
    "front": {
        "intrinsics": [
            [
                431.84521484375,
                0.0,
                320.1038818359375
            ],
            [
                0.0,
                431.564697265625,
                239.17430114746094
            ],
            [
                0.0,
                0.0,
                1.0
            ]
        ],
        "distortion": [
            -0.054081544280052185,
            0.05602612346410751,
            0.0005850368179380894,
            0.0005522056017071009,
            -0.017994079738855362
        ]
    }
}