{"train_loss": 0.13954026997089386, "_timestamp": 1708299704.295133, "_runtime": 96.09388518333435, "_step": 321, "val_loss": 0.18418020009994507, "_wandb": {"runtime": 97}}