{"X_EC": [[0.0197560314012937, -0.9631420296608941, -0.26826690053743896, 0.06476076886440468], [0.9992679499275259, 0.027813401899622087, -0.026267449864983264, 0.0011562418330945087], [0.03276070009798948, -0.2675515751690937, 0.9629864439095839, -0.14691432525191112], [0.0, 0.0, 0.0, 1.0]], "intrinsics": [[914.7540893554688, 0.0, 654.8878173828125], [0.0, 914.7493286132812, 360.27203369140625], [0.0, 0.0, 1.0]]}