{"X_EC": [[0.01495362308059848, -0.9998867989935786, 0.001666839865847462, -0.05736641726052156], [0.9995397964255025, 0.014904389449424587, -0.026420721731333526, -0.003492440156057054], [0.026392887648532745, 0.0020611582944708236, 0.9996495221366621, -0.14986233176065825], [0.0, 0.0, 0.0, 1.0]], "intrinsics": [[638.7052612304688, 0.0, 636.390380859375], [0.0, 633.974853515625, 366.4156799316406], [0.0, 0.0, 1.0]]}