{"X_EC": [[0.03856651287168328, -0.9990507069302715, 0.020256087160226796, 0.05948447966472015], [0.9987097321842767, 0.03786729480134203, -0.033836944673515224, -0.00412466697363061], [0.03303778027241788, 0.02153492434518103, 0.9992220734692155, -0.18378874348492888], [0.0, 0.0, 0.0, 1.0]], "intrinsics": [[431.84521484375, 0.0, 320.1038818359375], [0.0, 431.564697265625, 239.17430114746094], [0.0, 0.0, 1.0]]}