{"X_EC": [[0.015367423017858902, -0.999732372007019, 0.017292387660728693, -0.062069213126181924], [0.9998338067820606, 0.015194737846677416, -0.010073666535252981, -0.009485929606031951], [0.009808217242848307, 0.017444320078165588, 0.9997997272311728, -0.17685653526013148], [0.0, 0.0, 0.0, 1.0]], "intrinsics": [[425.80352783203125, 0.0, 317.5935974121094], [0.0, 422.64990234375, 244.27711486816406], [0.0, 0.0, 1.0]]}