{
	"class_name" : "PinholeCameraParameters",
	"extrinsic" : 
	[
		-0.56575070447455544,
		0.81989603808837819,
		0.087730422964471214,
		0.0,
		-0.62251579208766661,
		-0.35491909603225991,
		-0.69750019632478133,
		0.0,
		-0.54074044511947617,
		-0.44922480118379959,
		0.71119396019184988,
		0.0,
		-0.014907294483821665,
		-0.015504551147062104,
		0.1134640263358026,
		1.0
	],
	"intrinsic" : 
	{
		"height" : 749,
		"intrinsic_matrix" : 
		[
			648.65302743454458,
			0.0,
			0.0,
			0.0,
			648.65302743454458,
			0.0,
			719.5,
			374.0,
			1.0
		],
		"width" : 1440
	},
	"version_major" : 1,
	"version_minor" : 0
}