{"X_EC": [[0.018740560568797405, 0.9997172800352997, 0.014633912272157632, -0.07867530465359109], [-0.9998239246887838, 0.018752517069950132, -0.0006802377954746061, 0.0003329952417961431], [-0.0009544681683528698, -0.014618587563892721, 0.9998926871860561, -0.0716691636828639], [0.0, 0.0, 0.0, 1.0]],
"intrinsics": [[904.2012939453125, 0.0, 656.67724609375], [0.0, 904.7496337890625, 368.5812683105469], [0.0, 0.0, 1.0]]}