{"train_loss": 0.013125583529472351, "_timestamp": 1708303195.8410773, "_runtime": 3421.2891533374786, "_step": 12102, "val_loss": 0.0778178445994854, "_wandb": {"runtime": 3420}}