{"train_loss": 0.06245512515306473, "_timestamp": 1708299983.78738, "_runtime": 209.23545598983765, "_step": 705, "val_loss": 0.07069111168384552}