{"train_loss": 0.09118229150772095, "_timestamp": 1708299865.6009521, "_runtime": 91.04902815818787, "_step": 277, "val_loss": 0.12604054510593415}